{"cameraMode":{"drawMode":0,"name":"Shaded","section":"Shading Mode"},"sceneLighting":true,"audioPlay":false,"sceneViewState":{"showFog":true,"showMaterialUpdate":false,"showSkybox":true,"showFlares":true,"showImageEffects":true,"showParticleSystems":true},"in2DMode":false,"pivot":{"x":18.49749755859375,"y":1.0367650985717774,"z":28.80960464477539},"rotation":{"x":0.000438146002124995,"y":-0.998505711555481,"z":0.054281752556562427,"w":0.00809427909553051},"size":1.0959031581878663,"orthographic":false}